id,title,image_link,link,quantity,price,rate,some_random_double_value_whole_length_is_big___Oh_so_big
1,Blues Brothers 2000,http://dummyimage.com/250x100.png/cc0000/ffffff,http://nhs.uk/in/hac.png?curabitur=semper,4041,6474,0.1439500668,26
2,"Grass Is Greener, The",http://dummyimage.com/126x100.png/dddddd/000000,https://guardian.co.uk/vestibulum/proin/eu/mi/nulla.jsp?nulla=posuere&suspendisse=nonummy&potenti=integer&cras=non&in=velit&purus=donec&eu=diam&magna=neque&vulputate=vestibulum&luctus=eget&cum=vulputate&sociis=ut&natoque=ultrices&penatibus=vel&et=augue&magnis=vestibulum&dis=ante&parturient=ipsum&montes=primis&nascetur=in&ridiculus=faucibus&mus=orci&vivamus=luctus&vestibulum=et&sagittis=ultrices&sapien=posuere&cum=cubilia&sociis=curae&natoque=donec&penatibus=pharetra&et=magna&magnis=vestibulum&dis=aliquet&parturient=ultrices,29,9399,0.4810520394,97
3,Man's Best Friend,http://dummyimage.com/110x100.png/5fa2dd/ffffff,https://ebay.com/odio.png?dapibus=aenean&duis=auctor&at=gravida&velit=sem&eu=praesent&est=id&congue=massa&elementum=id&in=nisl&hac=venenatis&habitasse=lacinia&platea=aenean&dictumst=sit&morbi=amet&vestibulum=justo&velit=morbi&id=ut&pretium=odio&iaculis=cras&diam=mi&erat=pede&fermentum=malesuada&justo=in&nec=imperdiet&condimentum=et&neque=commodo&sapien=vulputate&placerat=justo&ante=in,54,3225,0.9698978027,53
4,Born Reckless,http://dummyimage.com/220x100.png/ff4444/ffffff,http://google.ca/bibendum/felis.aspx?in=maecenas&tempor=tristique&turpis=est&nec=et&euismod=tempus&scelerisque=semper&quam=est&turpis=quam&adipiscing=pharetra&lorem=magna&vitae=ac&mattis=consequat&nibh=metus&ligula=sapien,89,7458,0.1018941898,33
5,Follow Me Quietly,http://dummyimage.com/237x100.png/dddddd/000000,https://rambler.ru/nulla/elit/ac.jsp?magna=in&ac=hac&consequat=habitasse&metus=platea&sapien=dictumst&ut=morbi&nunc=vestibulum&vestibulum=velit&ante=id&ipsum=pretium&primis=iaculis&in=diam&faucibus=erat&orci=fermentum&luctus=justo&et=nec&ultrices=condimentum&posuere=neque&cubilia=sapien&curae=placerat&mauris=ante&viverra=nulla&diam=justo&vitae=aliquam&quam=quis&suspendisse=turpis&potenti=eget&nullam=elit&porttitor=sodales&lacus=scelerisque&at=mauris&turpis=sit&donec=amet&posuere=eros&metus=suspendisse&vitae=accumsan&ipsum=tortor&aliquam=quis&non=turpis&mauris=sed&morbi=ante&non=vivamus&lectus=tortor&aliquam=duis,6535,4068,0.04978317795,51
6,Tyler Perry's A Madea Christmas,http://dummyimage.com/200x100.png/dddddd/000000,http://ihg.com/fusce.xml?dolor=maecenas&vel=pulvinar&est=lobortis&donec=est&odio=phasellus&justo=sit&sollicitudin=amet&ut=erat&suscipit=nulla&a=tempus&feugiat=vivamus&et=in&eros=felis&vestibulum=eu&ac=sapien&est=cursus&lacinia=vestibulum&nisi=proin&venenatis=eu&tristique=mi&fusce=nulla&congue=ac&diam=enim&id=in&ornare=tempor&imperdiet=turpis&sapien=nec&urna=euismod&pretium=scelerisque&nisl=quam&ut=turpis&volutpat=adipiscing&sapien=lorem&arcu=vitae&sed=mattis&augue=nibh&aliquam=ligula&erat=nec&volutpat=sem&in=duis&congue=aliquam&etiam=convallis&justo=nunc&etiam=proin&pretium=at&iaculis=turpis&justo=a&in=pede&hac=posuere&habitasse=nonummy&platea=integer&dictumst=non&etiam=velit&faucibus=donec&cursus=diam&urna=neque&ut=vestibulum&tellus=eget&nulla=vulputate&ut=ut&erat=ultrices&id=vel&mauris=augue&vulputate=vestibulum&elementum=ante&nullam=ipsum&varius=primis&nulla=in&facilisi=faucibus&cras=orci&non=luctus&velit=et&nec=ultrices&nisi=posuere&vulputate=cubilia&nonummy=curae&maecenas=donec&tincidunt=pharetra&lacus=magna&at=vestibulum&velit=aliquet&vivamus=ultrices&vel=erat&nulla=tortor&eget=sollicitudin&eros=mi&elementum=sit&pellentesque=amet&quisque=lobortis&porta=sapien&volutpat=sapien&erat=non&quisque=mi&erat=integer&eros=ac&viverra=neque&eget=duis&congue=bibendum,62767,8050,0.2834584727,20
7,High and Dizzy,http://dummyimage.com/180x100.png/ff4444/ffffff,http://mtv.com/massa/tempor/convallis/nulla/neque/libero.png?vitae=proin&quam=eu&suspendisse=mi&potenti=nulla&nullam=ac&porttitor=enim&lacus=in&at=tempor&turpis=turpis&donec=nec&posuere=euismod,17,8384,0.8814641175,59
8,Powers of Ten,http://dummyimage.com/224x100.png/dddddd/000000,https://ezinearticles.com/vulputate.jsp?magna=magnis&bibendum=dis&imperdiet=parturient&nullam=montes&orci=nascetur&pede=ridiculus&venenatis=mus&non=vivamus&sodales=vestibulum&sed=sagittis&tincidunt=sapien&eu=cum&felis=sociis&fusce=natoque&posuere=penatibus&felis=et&sed=magnis&lacus=dis&morbi=parturient&sem=montes&mauris=nascetur&laoreet=ridiculus&ut=mus&rhoncus=etiam&aliquet=vel&pulvinar=augue&sed=vestibulum&nisl=rutrum&nunc=rutrum&rhoncus=neque&dui=aenean&vel=auctor&sem=gravida&sed=sem&sagittis=praesent&nam=id&congue=massa&risus=id&semper=nisl&porta=venenatis&volutpat=lacinia&quam=aenean&pede=sit&lobortis=amet&ligula=justo&sit=morbi&amet=ut&eleifend=odio&pede=cras&libero=mi&quis=pede&orci=malesuada&nullam=in&molestie=imperdiet&nibh=et&in=commodo&lectus=vulputate&pellentesque=justo&at=in&nulla=blandit&suspendisse=ultrices&potenti=enim&cras=lorem&in=ipsum&purus=dolor&eu=sit&magna=amet&vulputate=consectetuer,187,8722,0.3506019804,71
9,So Fine,http://dummyimage.com/228x100.png/ff4444/ffffff,http://mozilla.com/ante/ipsum/primis.jpg?tortor=sapien&id=non&nulla=mi&ultrices=integer&aliquet=ac&maecenas=neque&leo=duis&odio=bibendum&condimentum=morbi&id=non&luctus=quam&nec=nec&molestie=dui&sed=luctus&justo=rutrum&pellentesque=nulla&viverra=tellus&pede=in&ac=sagittis&diam=dui&cras=vel&pellentesque=nisl&volutpat=duis&dui=ac&maecenas=nibh&tristique=fusce&est=lacus&et=purus&tempus=aliquet&semper=at&est=feugiat&quam=non&pharetra=pretium&magna=quis&ac=lectus&consequat=suspendisse&metus=potenti&sapien=in&ut=eleifend&nunc=quam&vestibulum=a&ante=odio&ipsum=in&primis=hac&in=habitasse&faucibus=platea&orci=dictumst&luctus=maecenas&et=ut&ultrices=massa&posuere=quis&cubilia=augue&curae=luctus&mauris=tincidunt&viverra=nulla&diam=mollis&vitae=molestie&quam=lorem&suspendisse=quisque&potenti=ut&nullam=erat&porttitor=curabitur&lacus=gravida&at=nisi&turpis=at&donec=nibh&posuere=in&metus=hac&vitae=habitasse&ipsum=platea&aliquam=dictumst&non=aliquam&mauris=augue&morbi=quam&non=sollicitudin&lectus=vitae&aliquam=consectetuer&sit=eget&amet=rutrum&diam=at&in=lorem&magna=integer&bibendum=tincidunt&imperdiet=ante&nullam=vel&orci=ipsum&pede=praesent&venenatis=blandit&non=lacinia,7693,9973,0.08856896137,62
10,Kitchen Stories (Salmer fra kjøkkenet),http://dummyimage.com/194x100.png/ff4444/ffffff,http://desdev.cn/suspendisse/ornare/consequat/lectus.json?rutrum=nulla&nulla=eget&nunc=eros&purus=elementum&phasellus=pellentesque&in=quisque&felis=porta&donec=volutpat&semper=erat&sapien=quisque&a=erat&libero=eros&nam=viverra&dui=eget&proin=congue&leo=eget&odio=semper&porttitor=rutrum&id=nulla&consequat=nunc&in=purus&consequat=phasellus&ut=in&nulla=felis&sed=donec&accumsan=semper&felis=sapien&ut=a&at=libero&dolor=nam&quis=dui&odio=proin&consequat=leo&varius=odio&integer=porttitor&ac=id&leo=consequat&pellentesque=in&ultrices=consequat&mattis=ut&odio=nulla&donec=sed&vitae=accumsan&nisi=felis&nam=ut&ultrices=at&libero=dolor&non=quis&mattis=odio&pulvinar=consequat&nulla=varius&pede=integer&ullamcorper=ac&augue=leo&a=pellentesque&suscipit=ultrices&nulla=mattis&elit=odio&ac=donec&nulla=vitae&sed=nisi&vel=nam&enim=ultrices&sit=libero&amet=non&nunc=mattis&viverra=pulvinar&dapibus=nulla&nulla=pede&suscipit=ullamcorper&ligula=augue&in=a&lacus=suscipit&curabitur=nulla&at=elit&ipsum=ac&ac=nulla&tellus=sed&semper=vel&interdum=enim&mauris=sit&ullamcorper=amet,2957,8360,0.07652177897,74
11,Happy,http://dummyimage.com/136x100.png/ff4444/ffffff,https://ftc.gov/non/mauris/morbi/non/lectus/aliquam/sit.html?eros=ultrices&suspendisse=mattis&accumsan=odio&tortor=donec&quis=vitae&turpis=nisi&sed=nam&ante=ultrices&vivamus=libero&tortor=non&duis=mattis&mattis=pulvinar&egestas=nulla&metus=pede&aenean=ullamcorper&fermentum=augue&donec=a&ut=suscipit&mauris=nulla&eget=elit&massa=ac&tempor=nulla&convallis=sed&nulla=vel&neque=enim&libero=sit&convallis=amet&eget=nunc&eleifend=viverra,67,2086,0.7749387754,70
12,"U.S. vs. John Lennon, The",http://dummyimage.com/177x100.png/dddddd/000000,http://bing.com/nulla/tempus/vivamus/in/felis.jpg?ut=aenean&suscipit=lectus&a=pellentesque&feugiat=eget&et=nunc&eros=donec&vestibulum=quis&ac=orci&est=eget&lacinia=orci&nisi=vehicula&venenatis=condimentum&tristique=curabitur&fusce=in&congue=libero&diam=ut&id=massa&ornare=volutpat&imperdiet=convallis&sapien=morbi&urna=odio&pretium=odio&nisl=elementum&ut=eu&volutpat=interdum&sapien=eu&arcu=tincidunt&sed=in&augue=leo&aliquam=maecenas&erat=pulvinar&volutpat=lobortis&in=est&congue=phasellus&etiam=sit&justo=amet&etiam=erat&pretium=nulla&iaculis=tempus&justo=vivamus&in=in&hac=felis&habitasse=eu&platea=sapien&dictumst=cursus&etiam=vestibulum&faucibus=proin&cursus=eu&urna=mi&ut=nulla&tellus=ac&nulla=enim&ut=in&erat=tempor&id=turpis&mauris=nec&vulputate=euismod&elementum=scelerisque&nullam=quam&varius=turpis&nulla=adipiscing&facilisi=lorem&cras=vitae&non=mattis&velit=nibh&nec=ligula&nisi=nec&vulputate=sem&nonummy=duis&maecenas=aliquam&tincidunt=convallis&lacus=nunc&at=proin&velit=at,373,2388,0.9053361167,58
13,My Voyage to Italy (Il mio viaggio in Italia),http://dummyimage.com/134x100.png/cc0000/ffffff,http://taobao.com/pellentesque/eget/nunc.html?ligula=non&vehicula=mauris&consequat=morbi&morbi=non&a=lectus&ipsum=aliquam&integer=sit&a=amet&nibh=diam&in=in&quis=magna&justo=bibendum&maecenas=imperdiet&rhoncus=nullam&aliquam=orci&lacus=pede&morbi=venenatis&quis=non&tortor=sodales&id=sed&nulla=tincidunt&ultrices=eu&aliquet=felis&maecenas=fusce&leo=posuere&odio=felis&condimentum=sed&id=lacus&luctus=morbi&nec=sem&molestie=mauris&sed=laoreet&justo=ut,4,452,0.6761348274,94
14,"Sound and the Fury, The",http://dummyimage.com/136x100.png/cc0000/ffffff,http://rakuten.co.jp/elementum/eu/interdum/eu/tincidunt/in.xml?etiam=id&vel=ornare&augue=imperdiet&vestibulum=sapien&rutrum=urna&rutrum=pretium&neque=nisl&aenean=ut&auctor=volutpat&gravida=sapien&sem=arcu&praesent=sed&id=augue&massa=aliquam&id=erat&nisl=volutpat&venenatis=in&lacinia=congue&aenean=etiam&sit=justo&amet=etiam&justo=pretium&morbi=iaculis,8721,4459,0.4744475216,99
15,iphone,http://dummyimage.com/223x100.png/cc0000/ffffff,https://google.de/ipsum/primis/in/faucibus/orci.json?et=convallis&eros=eget&vestibulum=eleifend&ac=luctus&est=ultricies&lacinia=eu&nisi=nibh&venenatis=quisque&tristique=id&fusce=justo&congue=sit&diam=amet&id=sapien&ornare=dignissim&imperdiet=vestibulum&sapien=vestibulum&urna=ante&pretium=ipsum&nisl=primis&ut=in&volutpat=faucibus&sapien=orci&arcu=luctus&sed=et&augue=ultrices&aliquam=posuere&erat=cubilia&volutpat=curae&in=nulla&congue=dapibus&etiam=dolor&justo=vel&etiam=est&pretium=donec&iaculis=odio&justo=justo&in=sollicitudin&hac=ut&habitasse=suscipit&platea=a&dictumst=feugiat&etiam=et&faucibus=eros&cursus=vestibulum&urna=ac&ut=est&tellus=lacinia&nulla=nisi&ut=venenatis&erat=tristique&id=fusce&mauris=congue&vulputate=diam&elementum=id&nullam=ornare&varius=imperdiet&nulla=sapien&facilisi=urna&cras=pretium&non=nisl&velit=ut&nec=volutpat&nisi=sapien&vulputate=arcu&nonummy=sed&maecenas=augue&tincidunt=aliquam&lacus=erat&at=volutpat&velit=in&vivamus=congue&vel=etiam&nulla=justo&eget=etiam&eros=pretium&elementum=iaculis&pellentesque=justo&quisque=in&porta=hac&volutpat=habitasse&erat=platea&quisque=dictumst&erat=etiam&eros=faucibus&viverra=cursus&eget=urna&congue=ut&eget=tellus&semper=nulla&rutrum=ut&nulla=erat&nunc=id,0,0,0.6290184258,78
16,"Internecine Project, The",http://dummyimage.com/184x100.png/dddddd/000000,https://youtu.be/orci/luctus/et/ultrices/posuere/cubilia.jpg?sed=pharetra&augue=magna&aliquam=vestibulum&erat=aliquet&volutpat=ultrices&in=erat&congue=tortor&etiam=sollicitudin&justo=mi&etiam=sit&pretium=amet&iaculis=lobortis&justo=sapien&in=sapien&hac=non&habitasse=mi&platea=integer&dictumst=ac&etiam=neque&faucibus=duis&cursus=bibendum&urna=morbi&ut=non&tellus=quam&nulla=nec&ut=dui&erat=luctus&id=rutrum&mauris=nulla&vulputate=tellus&elementum=in&nullam=sagittis&varius=dui&nulla=vel&facilisi=nisl&cras=duis&non=ac&velit=nibh&nec=fusce&nisi=lacus&vulputate=purus&nonummy=aliquet&maecenas=at&tincidunt=feugiat&lacus=non&at=pretium&velit=quis&vivamus=lectus&vel=suspendisse&nulla=potenti&eget=in&eros=eleifend&elementum=quam&pellentesque=a&quisque=odio&porta=in&volutpat=hac&erat=habitasse&quisque=platea&erat=dictumst&eros=maecenas&viverra=ut&eget=massa&congue=quis&eget=augue&semper=luctus&rutrum=tincidunt&nulla=nulla&nunc=mollis&purus=molestie&phasellus=lorem,7,1432,0.7680958459,83
17,Screamers,http://dummyimage.com/177x100.png/5fa2dd/ffffff,http://skyrock.com/in.json?ornare=velit,6833,5439,0.455682801,16
18,On the Beach,http://dummyimage.com/180x100.png/dddddd/000000,http://yale.edu/lacinia/nisi/venenatis.jsp?semper=erat&interdum=eros&mauris=viverra&ullamcorper=eget&purus=congue&sit=eget&amet=semper&nulla=rutrum&quisque=nulla&arcu=nunc&libero=purus&rutrum=phasellus&ac=in&lobortis=felis&vel=donec&dapibus=semper&at=sapien&diam=a&nam=libero&tristique=nam&tortor=dui,57832,2971,0.8479812211,53
19,"Secret Garden, The",http://dummyimage.com/109x100.png/5fa2dd/ffffff,https://loc.gov/dui/maecenas/tristique/est.jpg?ut=eget&rhoncus=orci&aliquet=vehicula&pulvinar=condimentum&sed=curabitur&nisl=in&nunc=libero&rhoncus=ut&dui=massa&vel=volutpat&sem=convallis&sed=morbi&sagittis=odio&nam=odio&congue=elementum&risus=eu&semper=interdum&porta=eu&volutpat=tincidunt&quam=in&pede=leo&lobortis=maecenas&ligula=pulvinar&sit=lobortis&amet=est&eleifend=phasellus&pede=sit&libero=amet&quis=erat&orci=nulla&nullam=tempus&molestie=vivamus&nibh=in&in=felis&lectus=eu&pellentesque=sapien&at=cursus&nulla=vestibulum&suspendisse=proin&potenti=eu&cras=mi&in=nulla&purus=ac&eu=enim&magna=in&vulputate=tempor&luctus=turpis&cum=nec&sociis=euismod&natoque=scelerisque&penatibus=quam&et=turpis&magnis=adipiscing&dis=lorem&parturient=vitae&montes=mattis&nascetur=nibh&ridiculus=ligula&mus=nec&vivamus=sem&vestibulum=duis&sagittis=aliquam&sapien=convallis&cum=nunc&sociis=proin&natoque=at&penatibus=turpis&et=a&magnis=pede&dis=posuere&parturient=nonummy,71740,8616,0.616464232,10
20,The Taking of Deborah Logan,http://dummyimage.com/221x100.png/5fa2dd/ffffff,https://uol.com.br/ipsum/primis/in/faucibus.png?semper=aliquet&sapien=pulvinar&a=sed&libero=nisl&nam=nunc&dui=rhoncus&proin=dui&leo=vel&odio=sem&porttitor=sed&id=sagittis&consequat=nam&in=congue&consequat=risus&ut=semper&nulla=porta&sed=volutpat&accumsan=quam&felis=pede&ut=lobortis&at=ligula&dolor=sit&quis=amet&odio=eleifend&consequat=pede&varius=libero&integer=quis&ac=orci&leo=nullam&pellentesque=molestie&ultrices=nibh&mattis=in&odio=lectus&donec=pellentesque&vitae=at&nisi=nulla&nam=suspendisse&ultrices=potenti&libero=cras&non=in&mattis=purus&pulvinar=eu&nulla=magna&pede=vulputate&ullamcorper=luctus&augue=cum,72,2603,0.6796621607,61
21,"Old Lady and the Pigeons, The (La vieille dame et les pigeons)",http://dummyimage.com/117x100.png/5fa2dd/ffffff,https://dot.gov/ante.png?vestibulum=sed&ante=tincidunt&ipsum=eu&primis=felis&in=fusce&faucibus=posuere&orci=felis&luctus=sed&et=lacus&ultrices=morbi&posuere=sem&cubilia=mauris&curae=laoreet&duis=ut&faucibus=rhoncus&accumsan=aliquet&odio=pulvinar&curabitur=sed&convallis=nisl&duis=nunc&consequat=rhoncus&dui=dui&nec=vel&nisi=sem&volutpat=sed&eleifend=sagittis&donec=nam&ut=congue&dolor=risus&morbi=semper&vel=porta&lectus=volutpat&in=quam&quam=pede&fringilla=lobortis&rhoncus=ligula&mauris=sit&enim=amet&leo=eleifend&rhoncus=pede&sed=libero&vestibulum=quis,4949,6933,0.17209118,39
22,Brazil,http://dummyimage.com/192x100.png/ff4444/ffffff,https://list-manage.com/integer/ac/leo/pellentesque/ultrices/mattis.json?curae=vel&donec=lectus&pharetra=in&magna=quam&vestibulum=fringilla&aliquet=rhoncus&ultrices=mauris&erat=enim&tortor=leo&sollicitudin=rhoncus&mi=sed&sit=vestibulum&amet=sit&lobortis=amet&sapien=cursus&sapien=id&non=turpis&mi=integer&integer=aliquet&ac=massa&neque=id&duis=lobortis&bibendum=convallis&morbi=tortor&non=risus&quam=dapibus&nec=augue&dui=vel&luctus=accumsan&rutrum=tellus&nulla=nisi&tellus=eu&in=orci&sagittis=mauris&dui=lacinia&vel=sapien&nisl=quis&duis=libero&ac=nullam&nibh=sit&fusce=amet&lacus=turpis&purus=elementum&aliquet=ligula,667,7959,0.8365983335,66
23,Challenge of the Masters (Liu A-Cai yu Huang Fei-Hong),http://dummyimage.com/148x100.png/cc0000/ffffff,https://npr.org/magna/bibendum/imperdiet/nullam/orci/pede/venenatis.js?pede=montes&libero=nascetur&quis=ridiculus&orci=mus&nullam=vivamus&molestie=vestibulum&nibh=sagittis&in=sapien&lectus=cum&pellentesque=sociis&at=natoque&nulla=penatibus&suspendisse=et&potenti=magnis&cras=dis&in=parturient&purus=montes&eu=nascetur,3215,8592,0.09938667218,76
24,Pippi in the South Seas (Pippi Långstrump på de sju haven),http://dummyimage.com/158x100.png/cc0000/ffffff,https://wikipedia.org/ultrices/aliquet/maecenas/leo/odio/condimentum/id.jpg?sociis=lectus&natoque=aliquam&penatibus=sit&et=amet&magnis=diam&dis=in&parturient=magna&montes=bibendum&nascetur=imperdiet&ridiculus=nullam&mus=orci&vivamus=pede&vestibulum=venenatis&sagittis=non&sapien=sodales&cum=sed&sociis=tincidunt&natoque=eu&penatibus=felis&et=fusce&magnis=posuere&dis=felis&parturient=sed&montes=lacus&nascetur=morbi&ridiculus=sem&mus=mauris&etiam=laoreet&vel=ut&augue=rhoncus&vestibulum=aliquet&rutrum=pulvinar&rutrum=sed&neque=nisl&aenean=nunc&auctor=rhoncus&gravida=dui&sem=vel&praesent=sem&id=sed&massa=sagittis&id=nam&nisl=congue&venenatis=risus&lacinia=semper&aenean=porta&sit=volutpat&amet=quam&justo=pede&morbi=lobortis&ut=ligula&odio=sit&cras=amet&mi=eleifend&pede=pede&malesuada=libero&in=quis&imperdiet=orci&et=nullam&commodo=molestie&vulputate=nibh&justo=in&in=lectus&blandit=pellentesque&ultrices=at&enim=nulla&lorem=suspendisse&ipsum=potenti&dolor=cras&sit=in&amet=purus&consectetuer=eu&adipiscing=magna&elit=vulputate&proin=luctus&interdum=cum&mauris=sociis&non=natoque&ligula=penatibus&pellentesque=et&ultrices=magnis&phasellus=dis&id=parturient&sapien=montes&in=nascetur&sapien=ridiculus&iaculis=mus&congue=vivamus&vivamus=vestibulum&metus=sagittis&arcu=sapien&adipiscing=cum&molestie=sociis&hendrerit=natoque&at=penatibus&vulputate=et,4630,2286,0.422192695,73
25,"Obama Deception: The Mask Comes Off, The",http://dummyimage.com/117x100.png/dddddd/000000,https://ox.ac.uk/accumsan.xml?justo=quam&in=turpis&blandit=adipiscing&ultrices=lorem&enim=vitae&lorem=mattis&ipsum=nibh&dolor=ligula&sit=nec&amet=sem&consectetuer=duis&adipiscing=aliquam&elit=convallis&proin=nunc&interdum=proin&mauris=at&non=turpis&ligula=a&pellentesque=pede&ultrices=posuere&phasellus=nonummy&id=integer&sapien=non&in=velit&sapien=donec&iaculis=diam&congue=neque&vivamus=vestibulum&metus=eget&arcu=vulputate&adipiscing=ut&molestie=ultrices&hendrerit=vel&at=augue&vulputate=vestibulum&vitae=ante&nisl=ipsum&aenean=primis,3892,7944,0.1873130467,60
26,Brave New World,http://dummyimage.com/155x100.png/cc0000/ffffff,http://lulu.com/commodo/placerat.json?quis=nulla&orci=nisl&eget=nunc&orci=nisl&vehicula=duis&condimentum=bibendum&curabitur=felis&in=sed&libero=interdum&ut=venenatis&massa=turpis&volutpat=enim&convallis=blandit&morbi=mi&odio=in&odio=porttitor&elementum=pede&eu=justo&interdum=eu&eu=massa&tincidunt=donec&in=dapibus&leo=duis&maecenas=at&pulvinar=velit&lobortis=eu&est=est&phasellus=congue&sit=elementum&amet=in&erat=hac&nulla=habitasse&tempus=platea&vivamus=dictumst&in=morbi&felis=vestibulum&eu=velit&sapien=id&cursus=pretium&vestibulum=iaculis&proin=diam&eu=erat&mi=fermentum&nulla=justo&ac=nec,20,917,0.7222908771,56
27,Polite People (Kurteist fólk),http://dummyimage.com/219x100.png/cc0000/ffffff,http://nhs.uk/porttitor.xml?rutrum=at&at=turpis&lorem=donec&integer=posuere&tincidunt=metus&ante=vitae&vel=ipsum&ipsum=aliquam&praesent=non&blandit=mauris&lacinia=morbi&erat=non&vestibulum=lectus&sed=aliquam&magna=sit&at=amet&nunc=diam&commodo=in&placerat=magna&praesent=bibendum&blandit=imperdiet&nam=nullam&nulla=orci&integer=pede,939,1939,0.4973124148,12
28,Reno 911!: Miami,http://dummyimage.com/232x100.png/5fa2dd/ffffff,http://scientificamerican.com/cras/mi/pede/malesuada.aspx?adipiscing=praesent&elit=blandit&proin=lacinia&interdum=erat&mauris=vestibulum&non=sed&ligula=magna&pellentesque=at&ultrices=nunc&phasellus=commodo&id=placerat&sapien=praesent&in=blandit&sapien=nam&iaculis=nulla&congue=integer&vivamus=pede&metus=justo&arcu=lacinia&adipiscing=eget&molestie=tincidunt&hendrerit=eget&at=tempus&vulputate=vel&vitae=pede&nisl=morbi&aenean=porttitor&lectus=lorem&pellentesque=id&eget=ligula&nunc=suspendisse&donec=ornare&quis=consequat&orci=lectus&eget=in&orci=est&vehicula=risus&condimentum=auctor&curabitur=sed&in=tristique&libero=in&ut=tempus&massa=sit&volutpat=amet&convallis=sem&morbi=fusce&odio=consequat&odio=nulla&elementum=nisl&eu=nunc&interdum=nisl&eu=duis&tincidunt=bibendum&in=felis&leo=sed&maecenas=interdum&pulvinar=venenatis&lobortis=turpis&est=enim&phasellus=blandit&sit=mi&amet=in&erat=porttitor&nulla=pede&tempus=justo&vivamus=eu&in=massa&felis=donec&eu=dapibus&sapien=duis,5,2932,0.652241661,21
29,"Queen, The",http://dummyimage.com/247x100.png/ff4444/ffffff,https://ca.gov/vestibulum.html?accumsan=in&tortor=sagittis&quis=dui&turpis=vel&sed=nisl&ante=duis&vivamus=ac&tortor=nibh&duis=fusce&mattis=lacus&egestas=purus&metus=aliquet&aenean=at&fermentum=feugiat&donec=non&ut=pretium&mauris=quis&eget=lectus&massa=suspendisse&tempor=potenti&convallis=in&nulla=eleifend&neque=quam&libero=a&convallis=odio&eget=in&eleifend=hac&luctus=habitasse&ultricies=platea&eu=dictumst&nibh=maecenas&quisque=ut&id=massa&justo=quis&sit=augue&amet=luctus&sapien=tincidunt&dignissim=nulla&vestibulum=mollis&vestibulum=molestie&ante=lorem&ipsum=quisque&primis=ut&in=erat&faucibus=curabitur&orci=gravida&luctus=nisi&et=at&ultrices=nibh&posuere=in&cubilia=hac&curae=habitasse&nulla=platea&dapibus=dictumst&dolor=aliquam&vel=augue&est=quam&donec=sollicitudin&odio=vitae&justo=consectetuer&sollicitudin=eget&ut=rutrum&suscipit=at&a=lorem&feugiat=integer&et=tincidunt&eros=ante&vestibulum=vel,5465,5166,0.3239768049,85
30,"Father, The (Pedar)",http://dummyimage.com/231x100.png/ff4444/ffffff,http://salon.com/commodo/vulputate/justo/in/blandit/ultrices.jpg?libero=donec&non=ut&mattis=mauris&pulvinar=eget&nulla=massa&pede=tempor&ullamcorper=convallis&augue=nulla&a=neque&suscipit=libero&nulla=convallis&elit=eget&ac=eleifend&nulla=luctus&sed=ultricies&vel=eu&enim=nibh&sit=quisque&amet=id&nunc=justo&viverra=sit&dapibus=amet&nulla=sapien&suscipit=dignissim&ligula=vestibulum&in=vestibulum&lacus=ante&curabitur=ipsum&at=primis&ipsum=in&ac=faucibus&tellus=orci&semper=luctus&interdum=et&mauris=ultrices&ullamcorper=posuere&purus=cubilia&sit=curae&amet=nulla&nulla=dapibus&quisque=dolor&arcu=vel&libero=est&rutrum=donec&ac=odio,97,1227,0.4789060213,85
31,187 (One Eight Seven),http://dummyimage.com/159x100.png/5fa2dd/ffffff,https://china.com.cn/sed/augue/aliquam/erat.png?congue=volutpat&diam=convallis&id=morbi&ornare=odio&imperdiet=odio&sapien=elementum&urna=eu&pretium=interdum&nisl=eu&ut=tincidunt&volutpat=in&sapien=leo&arcu=maecenas&sed=pulvinar&augue=lobortis&aliquam=est&erat=phasellus&volutpat=sit&in=amet&congue=erat&etiam=nulla&justo=tempus&etiam=vivamus&pretium=in&iaculis=felis&justo=eu&in=sapien&hac=cursus&habitasse=vestibulum&platea=proin&dictumst=eu&etiam=mi&faucibus=nulla&cursus=ac&urna=enim&ut=in&tellus=tempor&nulla=turpis&ut=nec&erat=euismod&id=scelerisque&mauris=quam&vulputate=turpis,91,3433,0.8937789437,15
32,Journey to Saturn (Rejsen til Saturn),http://dummyimage.com/183x100.png/5fa2dd/ffffff,http://chronoengine.com/aliquet/ultrices.jsp?metus=massa&arcu=id&adipiscing=lobortis&molestie=convallis&hendrerit=tortor&at=risus&vulputate=dapibus&vitae=augue&nisl=vel&aenean=accumsan&lectus=tellus&pellentesque=nisi&eget=eu&nunc=orci&donec=mauris&quis=lacinia&orci=sapien&eget=quis&orci=libero&vehicula=nullam&condimentum=sit&curabitur=amet&in=turpis&libero=elementum&ut=ligula&massa=vehicula&volutpat=consequat&convallis=morbi&morbi=a&odio=ipsum&odio=integer&elementum=a&eu=nibh&interdum=in&eu=quis&tincidunt=justo&in=maecenas&leo=rhoncus&maecenas=aliquam&pulvinar=lacus&lobortis=morbi&est=quis&phasellus=tortor&sit=id&amet=nulla&erat=ultrices&nulla=aliquet&tempus=maecenas&vivamus=leo&in=odio&felis=condimentum&eu=id&sapien=luctus&cursus=nec&vestibulum=molestie&proin=sed&eu=justo&mi=pellentesque&nulla=viverra&ac=pede&enim=ac&in=diam&tempor=cras&turpis=pellentesque&nec=volutpat&euismod=dui&scelerisque=maecenas&quam=tristique&turpis=est&adipiscing=et,36,4167,0.6396874523,12
33,It's a Great Feeling,http://dummyimage.com/125x100.png/ff4444/ffffff,http://rediff.com/lacinia.js?diam=lacus&id=at&ornare=turpis&imperdiet=donec&sapien=posuere&urna=metus&pretium=vitae&nisl=ipsum&ut=aliquam&volutpat=non&sapien=mauris&arcu=morbi&sed=non&augue=lectus&aliquam=aliquam&erat=sit&volutpat=amet&in=diam&congue=in&etiam=magna,2,2835,0.7949750106,43
34,Sue,http://dummyimage.com/121x100.png/ff4444/ffffff,http://craigslist.org/felis/sed/lacus/morbi/sem/mauris/laoreet.json?fusce=in&congue=faucibus&diam=orci&id=luctus&ornare=et&imperdiet=ultrices&sapien=posuere&urna=cubilia&pretium=curae&nisl=duis&ut=faucibus&volutpat=accumsan&sapien=odio&arcu=curabitur&sed=convallis&augue=duis&aliquam=consequat&erat=dui&volutpat=nec&in=nisi&congue=volutpat&etiam=eleifend&justo=donec&etiam=ut&pretium=dolor&iaculis=morbi&justo=vel&in=lectus&hac=in&habitasse=quam&platea=fringilla&dictumst=rhoncus&etiam=mauris,46,7169,0.7276138268,20
35,"Hunting and Gathering (Ensemble, c'est tout)",http://dummyimage.com/113x100.png/ff4444/ffffff,http://ihg.com/condimentum/neque.jsp?in=orci&faucibus=nullam&orci=molestie&luctus=nibh&et=in&ultrices=lectus&posuere=pellentesque&cubilia=at&curae=nulla&nulla=suspendisse&dapibus=potenti&dolor=cras&vel=in&est=purus&donec=eu&odio=magna&justo=vulputate&sollicitudin=luctus&ut=cum&suscipit=sociis&a=natoque&feugiat=penatibus&et=et&eros=magnis&vestibulum=dis&ac=parturient&est=montes&lacinia=nascetur&nisi=ridiculus&venenatis=mus&tristique=vivamus&fusce=vestibulum&congue=sagittis&diam=sapien&id=cum&ornare=sociis&imperdiet=natoque&sapien=penatibus&urna=et&pretium=magnis&nisl=dis&ut=parturient&volutpat=montes&sapien=nascetur&arcu=ridiculus&sed=mus&augue=etiam&aliquam=vel&erat=augue&volutpat=vestibulum&in=rutrum&congue=rutrum&etiam=neque&justo=aenean&etiam=auctor&pretium=gravida&iaculis=sem&justo=praesent&in=id&hac=massa&habitasse=id&platea=nisl&dictumst=venenatis&etiam=lacinia&faucibus=aenean&cursus=sit&urna=amet&ut=justo&tellus=morbi&nulla=ut&ut=odio&erat=cras&id=mi&mauris=pede&vulputate=malesuada&elementum=in&nullam=imperdiet&varius=et&nulla=commodo&facilisi=vulputate&cras=justo&non=in&velit=blandit&nec=ultrices&nisi=enim&vulputate=lorem,4,3743,0.0136442363,48
36,Kept Husbands,http://dummyimage.com/235x100.png/5fa2dd/ffffff,http://csmonitor.com/nunc/viverra/dapibus/nulla/suscipit/ligula.xml?faucibus=ipsum&orci=praesent&luctus=blandit&et=lacinia&ultrices=erat&posuere=vestibulum&cubilia=sed&curae=magna&duis=at&faucibus=nunc&accumsan=commodo&odio=placerat&curabitur=praesent&convallis=blandit&duis=nam&consequat=nulla&dui=integer&nec=pede&nisi=justo&volutpat=lacinia&eleifend=eget&donec=tincidunt&ut=eget&dolor=tempus&morbi=vel&vel=pede&lectus=morbi&in=porttitor&quam=lorem&fringilla=id&rhoncus=ligula&mauris=suspendisse&enim=ornare&leo=consequat&rhoncus=lectus&sed=in&vestibulum=est&sit=risus&amet=auctor&cursus=sed&id=tristique&turpis=in&integer=tempus&aliquet=sit&massa=amet&id=sem&lobortis=fusce&convallis=consequat&tortor=nulla&risus=nisl&dapibus=nunc&augue=nisl&vel=duis&accumsan=bibendum&tellus=felis&nisi=sed&eu=interdum&orci=venenatis&mauris=turpis&lacinia=enim&sapien=blandit&quis=mi&libero=in&nullam=porttitor&sit=pede&amet=justo&turpis=eu&elementum=massa&ligula=donec&vehicula=dapibus&consequat=duis&morbi=at&a=velit&ipsum=eu&integer=est&a=congue&nibh=elementum,6,7488,0.9205175447,17
37,Tulsa,http://dummyimage.com/237x100.png/cc0000/ffffff,http://sakura.ne.jp/donec.js?nulla=posuere&dapibus=cubilia&dolor=curae&vel=donec&est=pharetra&donec=magna&odio=vestibulum&justo=aliquet&sollicitudin=ultrices&ut=erat&suscipit=tortor&a=sollicitudin&feugiat=mi&et=sit&eros=amet&vestibulum=lobortis&ac=sapien&est=sapien&lacinia=non&nisi=mi&venenatis=integer&tristique=ac&fusce=neque&congue=duis&diam=bibendum,303,5591,0.2207490802,63
38,"Blob, The",http://dummyimage.com/239x100.png/cc0000/ffffff,http://edublogs.org/quisque/id/justo/sit/amet/sapien.js?purus=imperdiet&phasellus=nullam&in=orci&felis=pede&donec=venenatis&semper=non&sapien=sodales&a=sed&libero=tincidunt&nam=eu&dui=felis&proin=fusce&leo=posuere&odio=felis&porttitor=sed&id=lacus&consequat=morbi&in=sem&consequat=mauris&ut=laoreet&nulla=ut&sed=rhoncus&accumsan=aliquet&felis=pulvinar&ut=sed&at=nisl&dolor=nunc&quis=rhoncus&odio=dui,2,6846,0.9855110899,66
39,"Parent Trap, The",http://dummyimage.com/190x100.png/cc0000/ffffff,https://nifty.com/massa/id/lobortis.aspx?a=velit&pede=id&posuere=pretium&nonummy=iaculis&integer=diam&non=erat&velit=fermentum&donec=justo&diam=nec&neque=condimentum&vestibulum=neque&eget=sapien&vulputate=placerat&ut=ante&ultrices=nulla&vel=justo&augue=aliquam&vestibulum=quis&ante=turpis&ipsum=eget&primis=elit&in=sodales&faucibus=scelerisque&orci=mauris&luctus=sit&et=amet&ultrices=eros&posuere=suspendisse&cubilia=accumsan&curae=tortor&donec=quis&pharetra=turpis&magna=sed&vestibulum=ante&aliquet=vivamus&ultrices=tortor&erat=duis&tortor=mattis&sollicitudin=egestas&mi=metus,464,1147,0.05243000482,46
40,Q & A,http://dummyimage.com/117x100.png/5fa2dd/ffffff,https://yellowbook.com/ipsum/primis/in/faucibus/orci/luctus/et.aspx?ac=pulvinar&est=sed&lacinia=nisl&nisi=nunc&venenatis=rhoncus&tristique=dui&fusce=vel&congue=sem&diam=sed&id=sagittis&ornare=nam&imperdiet=congue&sapien=risus&urna=semper&pretium=porta&nisl=volutpat&ut=quam&volutpat=pede&sapien=lobortis&arcu=ligula&sed=sit&augue=amet&aliquam=eleifend&erat=pede&volutpat=libero&in=quis&congue=orci&etiam=nullam&justo=molestie&etiam=nibh&pretium=in&iaculis=lectus&justo=pellentesque&in=at&hac=nulla&habitasse=suspendisse&platea=potenti&dictumst=cras&etiam=in&faucibus=purus&cursus=eu&urna=magna&ut=vulputate&tellus=luctus&nulla=cum&ut=sociis&erat=natoque&id=penatibus&mauris=et&vulputate=magnis&elementum=dis&nullam=parturient&varius=montes,5425,5499,0.3184432873,85
41,"Last Command, The",http://dummyimage.com/148x100.png/ff4444/ffffff,http://shutterfly.com/primis/in/faucibus/orci/luctus.json?vel=dui&ipsum=nec&praesent=nisi&blandit=volutpat&lacinia=eleifend&erat=donec&vestibulum=ut&sed=dolor&magna=morbi&at=vel&nunc=lectus&commodo=in&placerat=quam&praesent=fringilla&blandit=rhoncus&nam=mauris&nulla=enim&integer=leo&pede=rhoncus&justo=sed&lacinia=vestibulum&eget=sit&tincidunt=amet&eget=cursus&tempus=id&vel=turpis&pede=integer&morbi=aliquet&porttitor=massa&lorem=id&id=lobortis&ligula=convallis&suspendisse=tortor&ornare=risus&consequat=dapibus&lectus=augue&in=vel&est=accumsan&risus=tellus&auctor=nisi&sed=eu&tristique=orci&in=mauris&tempus=lacinia&sit=sapien&amet=quis&sem=libero&fusce=nullam&consequat=sit&nulla=amet&nisl=turpis&nunc=elementum&nisl=ligula&duis=vehicula&bibendum=consequat&felis=morbi&sed=a&interdum=ipsum&venenatis=integer&turpis=a&enim=nibh&blandit=in&mi=quis&in=justo&porttitor=maecenas&pede=rhoncus&justo=aliquam&eu=lacus&massa=morbi&donec=quis&dapibus=tortor&duis=id&at=nulla&velit=ultrices&eu=aliquet&est=maecenas&congue=leo&elementum=odio&in=condimentum&hac=id&habitasse=luctus&platea=nec&dictumst=molestie&morbi=sed&vestibulum=justo&velit=pellentesque&id=viverra&pretium=pede&iaculis=ac&diam=diam&erat=cras&fermentum=pellentesque&justo=volutpat&nec=dui,7631,914,0.4507980163,53
42,It's Alive,http://dummyimage.com/211x100.png/ff4444/ffffff,http://devhub.com/ultrices/aliquet/maecenas/leo/odio/condimentum.json?donec=est&odio=phasellus&justo=sit&sollicitudin=amet&ut=erat&suscipit=nulla&a=tempus&feugiat=vivamus&et=in&eros=felis&vestibulum=eu&ac=sapien&est=cursus&lacinia=vestibulum&nisi=proin&venenatis=eu&tristique=mi&fusce=nulla&congue=ac&diam=enim&id=in&ornare=tempor&imperdiet=turpis&sapien=nec&urna=euismod&pretium=scelerisque&nisl=quam&ut=turpis&volutpat=adipiscing&sapien=lorem&arcu=vitae&sed=mattis&augue=nibh&aliquam=ligula&erat=nec&volutpat=sem&in=duis&congue=aliquam&etiam=convallis&justo=nunc&etiam=proin&pretium=at&iaculis=turpis&justo=a&in=pede&hac=posuere&habitasse=nonummy&platea=integer&dictumst=non&etiam=velit&faucibus=donec&cursus=diam&urna=neque&ut=vestibulum&tellus=eget&nulla=vulputate&ut=ut&erat=ultrices&id=vel&mauris=augue&vulputate=vestibulum&elementum=ante&nullam=ipsum&varius=primis&nulla=in&facilisi=faucibus&cras=orci&non=luctus,30,8475,0.2139061507,67
43,Inside the Twin Towers,http://dummyimage.com/155x100.png/ff4444/ffffff,http://economist.com/ligula.json?lacinia=ac&sapien=enim&quis=in&libero=tempor&nullam=turpis&sit=nec&amet=euismod&turpis=scelerisque&elementum=quam&ligula=turpis&vehicula=adipiscing&consequat=lorem&morbi=vitae&a=mattis&ipsum=nibh&integer=ligula&a=nec&nibh=sem&in=duis&quis=aliquam&justo=convallis&maecenas=nunc&rhoncus=proin&aliquam=at&lacus=turpis&morbi=a&quis=pede&tortor=posuere&id=nonummy&nulla=integer&ultrices=non&aliquet=velit&maecenas=donec&leo=diam&odio=neque&condimentum=vestibulum&id=eget&luctus=vulputate&nec=ut&molestie=ultrices&sed=vel&justo=augue&pellentesque=vestibulum&viverra=ante&pede=ipsum&ac=primis&diam=in&cras=faucibus&pellentesque=orci&volutpat=luctus&dui=et&maecenas=ultrices&tristique=posuere&est=cubilia&et=curae&tempus=donec&semper=pharetra&est=magna&quam=vestibulum&pharetra=aliquet&magna=ultrices&ac=erat&consequat=tortor&metus=sollicitudin&sapien=mi&ut=sit&nunc=amet&vestibulum=lobortis&ante=sapien&ipsum=sapien&primis=non&in=mi&faucibus=integer&orci=ac&luctus=neque&et=duis&ultrices=bibendum&posuere=morbi&cubilia=non&curae=quam&mauris=nec&viverra=dui&diam=luctus&vitae=rutrum&quam=nulla&suspendisse=tellus&potenti=in&nullam=sagittis&porttitor=dui&lacus=vel&at=nisl&turpis=duis&donec=ac&posuere=nibh&metus=fusce&vitae=lacus&ipsum=purus&aliquam=aliquet,39742,9210,0.2767457523,66
44,Half Past Dead,http://dummyimage.com/233x100.png/cc0000/ffffff,https://example.com/diam/cras/pellentesque/volutpat/dui.jpg?sit=donec&amet=quis&turpis=orci&elementum=eget&ligula=orci&vehicula=vehicula&consequat=condimentum&morbi=curabitur&a=in&ipsum=libero&integer=ut&a=massa&nibh=volutpat&in=convallis&quis=morbi&justo=odio&maecenas=odio&rhoncus=elementum&aliquam=eu&lacus=interdum&morbi=eu&quis=tincidunt&tortor=in&id=leo&nulla=maecenas&ultrices=pulvinar&aliquet=lobortis&maecenas=est&leo=phasellus&odio=sit&condimentum=amet&id=erat&luctus=nulla&nec=tempus&molestie=vivamus&sed=in&justo=felis&pellentesque=eu&viverra=sapien&pede=cursus&ac=vestibulum&diam=proin&cras=eu&pellentesque=mi&volutpat=nulla&dui=ac&maecenas=enim&tristique=in&est=tempor&et=turpis&tempus=nec&semper=euismod&est=scelerisque&quam=quam&pharetra=turpis&magna=adipiscing&ac=lorem&consequat=vitae&metus=mattis&sapien=nibh&ut=ligula&nunc=nec&vestibulum=sem&ante=duis&ipsum=aliquam&primis=convallis&in=nunc&faucibus=proin&orci=at&luctus=turpis&et=a&ultrices=pede&posuere=posuere&cubilia=nonummy&curae=integer&mauris=non&viverra=velit&diam=donec&vitae=diam&quam=neque&suspendisse=vestibulum&potenti=eget&nullam=vulputate&porttitor=ut&lacus=ultrices&at=vel&turpis=augue&donec=vestibulum&posuere=ante&metus=ipsum&vitae=primis,6,1411,0.3160077011,87
45,"Walk Softly, Stranger",http://dummyimage.com/134x100.png/dddddd/000000,http://angelfire.com/maecenas/tristique.json?sit=rhoncus&amet=aliquam&consectetuer=lacus&adipiscing=morbi&elit=quis&proin=tortor&interdum=id&mauris=nulla&non=ultrices&ligula=aliquet&pellentesque=maecenas&ultrices=leo&phasellus=odio&id=condimentum&sapien=id&in=luctus&sapien=nec&iaculis=molestie&congue=sed&vivamus=justo&metus=pellentesque&arcu=viverra&adipiscing=pede&molestie=ac&hendrerit=diam&at=cras&vulputate=pellentesque&vitae=volutpat&nisl=dui&aenean=maecenas&lectus=tristique&pellentesque=est&eget=et&nunc=tempus&donec=semper&quis=est&orci=quam&eget=pharetra&orci=magna&vehicula=ac&condimentum=consequat&curabitur=metus&in=sapien&libero=ut&ut=nunc&massa=vestibulum&volutpat=ante&convallis=ipsum&morbi=primis&odio=in&odio=faucibus&elementum=orci&eu=luctus&interdum=et&eu=ultrices&tincidunt=posuere&in=cubilia&leo=curae&maecenas=mauris&pulvinar=viverra&lobortis=diam&est=vitae&phasellus=quam&sit=suspendisse&amet=potenti&erat=nullam&nulla=porttitor&tempus=lacus&vivamus=at&in=turpis&felis=donec&eu=posuere&sapien=metus&cursus=vitae&vestibulum=ipsum&proin=aliquam&eu=non&mi=mauris&nulla=morbi&ac=non&enim=lectus&in=aliquam&tempor=sit&turpis=amet&nec=diam&euismod=in&scelerisque=magna&quam=bibendum&turpis=imperdiet&adipiscing=nullam&lorem=orci&vitae=pede,6482,2379,0.7195720345,87
46,In the Name of the King: A Dungeon Siege Tale,http://dummyimage.com/148x100.png/5fa2dd/ffffff,https://opera.com/sit/amet/justo/morbi/ut/odio.png?lectus=quam&in=pede,167,820,0.5931730538,75
47,Psycho III,http://dummyimage.com/209x100.png/cc0000/ffffff,http://npr.org/enim/in/tempor.jsp?luctus=vivamus&nec=metus&molestie=arcu&sed=adipiscing&justo=molestie&pellentesque=hendrerit&viverra=at&pede=vulputate&ac=vitae&diam=nisl&cras=aenean&pellentesque=lectus&volutpat=pellentesque&dui=eget&maecenas=nunc&tristique=donec&est=quis&et=orci&tempus=eget&semper=orci&est=vehicula&quam=condimentum&pharetra=curabitur&magna=in&ac=libero&consequat=ut&metus=massa&sapien=volutpat&ut=convallis&nunc=morbi&vestibulum=odio&ante=odio&ipsum=elementum&primis=eu&in=interdum&faucibus=eu&orci=tincidunt&luctus=in&et=leo&ultrices=maecenas&posuere=pulvinar&cubilia=lobortis&curae=est&mauris=phasellus&viverra=sit&diam=amet&vitae=erat&quam=nulla&suspendisse=tempus&potenti=vivamus&nullam=in&porttitor=felis&lacus=eu&at=sapien&turpis=cursus&donec=vestibulum,61,1390,0.5254535429,93
48,Marwencol,http://dummyimage.com/125x100.png/5fa2dd/ffffff,http://ovh.net/orci/luctus.js?pellentesque=sit&ultrices=amet&phasellus=lobortis&id=sapien&sapien=sapien&in=non&sapien=mi&iaculis=integer&congue=ac&vivamus=neque&metus=duis&arcu=bibendum&adipiscing=morbi&molestie=non&hendrerit=quam&at=nec&vulputate=dui&vitae=luctus&nisl=rutrum&aenean=nulla&lectus=tellus&pellentesque=in&eget=sagittis&nunc=dui&donec=vel&quis=nisl&orci=duis&eget=ac&orci=nibh&vehicula=fusce&condimentum=lacus&curabitur=purus&in=aliquet&libero=at&ut=feugiat&massa=non&volutpat=pretium&convallis=quis&morbi=lectus&odio=suspendisse&odio=potenti&elementum=in&eu=eleifend&interdum=quam&eu=a&tincidunt=odio&in=in&leo=hac&maecenas=habitasse&pulvinar=platea&lobortis=dictumst&est=maecenas&phasellus=ut&sit=massa&amet=quis&erat=augue&nulla=luctus&tempus=tincidunt&vivamus=nulla&in=mollis&felis=molestie&eu=lorem&sapien=quisque&cursus=ut&vestibulum=erat&proin=curabitur&eu=gravida&mi=nisi&nulla=at&ac=nibh&enim=in&in=hac&tempor=habitasse&turpis=platea,2,1721,0.8118422794,28
49,Alice and Martin (Alice et Martin),http://dummyimage.com/114x100.png/ff4444/ffffff,http://wikimedia.org/elementum/eu/interdum/eu/tincidunt/in.html?erat=at&id=nunc&mauris=commodo&vulputate=placerat&elementum=praesent&nullam=blandit&varius=nam&nulla=nulla&facilisi=integer&cras=pede&non=justo&velit=lacinia&nec=eget&nisi=tincidunt&vulputate=eget&nonummy=tempus&maecenas=vel&tincidunt=pede&lacus=morbi&at=porttitor&velit=lorem&vivamus=id&vel=ligula&nulla=suspendisse&eget=ornare&eros=consequat&elementum=lectus&pellentesque=in&quisque=est&porta=risus&volutpat=auctor&erat=sed&quisque=tristique&erat=in&eros=tempus&viverra=sit&eget=amet&congue=sem&eget=fusce&semper=consequat&rutrum=nulla&nulla=nisl&nunc=nunc&purus=nisl&phasellus=duis&in=bibendum&felis=felis&donec=sed&semper=interdum&sapien=venenatis&a=turpis&libero=enim&nam=blandit&dui=mi&proin=in&leo=porttitor&odio=pede&porttitor=justo&id=eu&consequat=massa&in=donec&consequat=dapibus&ut=duis&nulla=at,7387,8283,0.2513733266,89
50,"Misérables, Les",http://dummyimage.com/185x100.png/5fa2dd/ffffff,http://dailymail.co.uk/semper/interdum/mauris/ullamcorper/purus/sit.json?aliquam=sapien&augue=cum&quam=sociis&sollicitudin=natoque&vitae=penatibus&consectetuer=et&eget=magnis&rutrum=dis&at=parturient&lorem=montes&integer=nascetur&tincidunt=ridiculus&ante=mus&vel=etiam&ipsum=vel&praesent=augue&blandit=vestibulum&lacinia=rutrum&erat=rutrum&vestibulum=neque&sed=aenean&magna=auctor&at=gravida&nunc=sem&commodo=praesent&placerat=id&praesent=massa&blandit=id&nam=nisl&nulla=venenatis&integer=lacinia&pede=aenean&justo=sit&lacinia=amet&eget=justo&tincidunt=morbi&eget=ut&tempus=odio,45,3806,0.04187993778,46